{
  "teacher": {
    "acc": 0.9243119266055045,
    "eval_loss": 0.27603111003658604,
    "model_size": 417.84807300567627,
    "mean_ms": 2849.7163933342867,
    "std_ms": 21.393664559562183,
    "min_ms": 2802.9301000060514,
    "max_ms": 2898.6564000078943,
    "median_ms": 2848.4172000025865
  },
  "tinybert_uniform": {
    "acc": 0.9059633027522935,
    "eval_loss": 0.26077235396951437,
    "model_size": 54.817710876464844,
    "mean_ms": 213.1759400004133,
    "std_ms": 2.3539680016908453,
    "min_ms": 208.2471999892732,
    "max_ms": 218.92610000213608,
    "median_ms": 213.4533500066027
  },
  "tinybert_top": {
    "acc": 0.8795871559633027,
    "eval_loss": 0.31913939357868265,
    "model_size": 54.817710876464844,
    "mean_ms": 212.57710999974128,
    "std_ms": 1.847349830236215,
    "min_ms": 207.20869999786373,
    "max_ms": 217.3534000030486,
    "median_ms": 212.5056000004406
  },
  "tinybert_bottom": {
    "acc": 0.8784403669724771,
    "eval_loss": 0.33087839239409994,
    "model_size": 54.817710876464844,
    "mean_ms": 213.20920999714872,
    "std_ms": 1.5878236075843088,
    "min_ms": 208.8036000059219,
    "max_ms": 215.89719998883083,
    "median_ms": 213.08609999687178
  },
  "quant_1": {
    "acc": 0.5091743119266054,
    "eval_loss": 0.7236370657171521,
    "model_size": 105.2336540222168,
    "mean_ms": 3450.947330001994,
    "std_ms": 17.183986281541014,
    "min_ms": 3415.411199996015,
    "max_ms": 3497.024900003453,
    "median_ms": 3451.204900004086
  },
  "quant_2": {
    "acc": 0.5103211009174312,
    "eval_loss": 0.7192118551049914,
    "model_size": 105.03478813171387,
    "mean_ms": 1440.4719799984985,
    "std_ms": 7.365647119375992,
    "min_ms": 1427.2956999921007,
    "max_ms": 1456.0891000000993,
    "median_ms": 1439.483800000744
  }
}