{
  "teacher": {
    "acc": 0.6606498194945848,
    "eval_loss": 0.802004165119595,
    "model_size": 417.84807300567627,
    "mean_ms": 2786.790616667713,
    "std_ms": 43.64129032019657,
    "min_ms": 2676.607800007332,
    "max_ms": 2869.941499986453,
    "median_ms": 2789.94600000442
  },
  "tinybert_uniform": {
    "acc": 0.6173285198555957,
    "eval_loss": 0.736042665110694,
    "model_size": 54.817710876464844,
    "mean_ms": 207.24781999985376,
    "std_ms": 1.8852373156685291,
    "min_ms": 202.9925000097137,
    "max_ms": 210.0600999838207,
    "median_ms": 207.3411000019405
  },
  "tinybert_top": {
    "acc": 0.48014440433212996,
    "eval_loss": 0.6928217278586494,
    "model_size": 54.817710876464844,
    "mean_ms": 206.36057666367074,
    "std_ms": 2.228401002059726,
    "min_ms": 199.55459999619052,
    "max_ms": 209.04849999351427,
    "median_ms": 207.05549998092465
  },
  "tinybert_bottom": {
    "acc": 0.516245487364621,
    "eval_loss": 0.6928169329961141,
    "model_size": 54.817710876464844,
    "mean_ms": 207.39993000073204,
    "std_ms": 2.035324600514547,
    "min_ms": 199.98540001688525,
    "max_ms": 210.52789999521337,
    "median_ms": 207.38730000448413
  },
  "quant_1": {
    "acc": 0.4657039711191336,
    "eval_loss": 0.7554848194122314,
    "model_size": 105.23355960845947,
    "mean_ms": 3431.32593666766,
    "std_ms": 52.398390214600674,
    "min_ms": 3359.7275000065565,
    "max_ms": 3654.391599993687,
    "median_ms": 3434.6179999993183
  },
  "quant_2": {
    "acc": 0.4729241877256318,
    "eval_loss": 0.7534273266792297,
    "model_size": 105.03479862213135,
    "mean_ms": 1416.0646466645023,
    "std_ms": 20.697687279332925,
    "min_ms": 1369.5909999951255,
    "max_ms": 1449.7662000067066,
    "median_ms": 1422.307050001109
  }
}