model,acc,eval_loss,model_size,mean_ms,std_ms,min_ms,max_ms,median_ms,task
teacher,0.6606498194945848,0.802004165119595,417.84807300567627,2786.790616667713,43.64129032019657,2676.607800007332,2869.941499986453,2789.94600000442,RTE
tinybert_uniform,0.6173285198555957,0.736042665110694,54.817710876464844,207.24781999985376,1.8852373156685291,202.9925000097137,210.0600999838207,207.3411000019405,RTE
tinybert_top,0.48014440433212996,0.6928217278586494,54.817710876464844,206.36057666367074,2.228401002059726,199.55459999619052,209.04849999351427,207.05549998092465,RTE
tinybert_bottom,0.516245487364621,0.6928169329961141,54.817710876464844,207.39993000073204,2.035324600514547,199.98540001688525,210.52789999521337,207.38730000448413,RTE
quant_1,0.4657039711191336,0.7554848194122314,105.23355960845947,3431.32593666766,52.398390214600674,3359.7275000065565,3654.391599993687,3434.6179999993183,RTE
quant_2,0.4729241877256318,0.7534273266792297,105.03479862213135,1416.0646466645023,20.697687279332925,1369.5909999951255,1449.7662000067066,1422.307050001109,RTE
