{
  "teacher": {
    "mcc": 0.40558505179035165,
    "eval_loss": 0.6007971474618623,
    "model_size": 417.84807300567627,
    "mean_ms": 2800.5742266672314,
    "std_ms": 65.59601137673332,
    "min_ms": 2647.0224000076996,
    "max_ms": 2871.650699991733,
    "median_ms": 2823.12985000317
  },
  "tinybert_uniform": {
    "mcc": 0.23017831057043348,
    "eval_loss": 0.6284966179818818,
    "model_size": 54.817710876464844,
    "mean_ms": 215.6612199973703,
    "std_ms": 12.749933737332062,
    "min_ms": 207.84489999641664,
    "max_ms": 282.29319999809377,
    "median_ms": 213.42454999830807
  },
  "tinybert_top": {
    "mcc": 0.1613134168690308,
    "eval_loss": 0.633550122831807,
    "model_size": 54.817710876464844,
    "mean_ms": 213.4959166670645,
    "std_ms": 3.3583197916391976,
    "min_ms": 209.12549999775365,
    "max_ms": 228.65699999965727,
    "median_ms": 213.66685000248253
  },
  "tinybert_bottom": {
    "mcc": 0.05783382654286213,
    "eval_loss": 0.6128126129959569,
    "model_size": 54.817710876464844,
    "mean_ms": 213.37823333354513,
    "std_ms": 2.2227344822237027,
    "min_ms": 205.9334000077797,
    "max_ms": 216.17600000172388,
    "median_ms": 214.1921500005992
  },
  "quant_1": {
    "mcc": 0.025690322354642595,
    "eval_loss": 0.6497045845696421,
    "model_size": 105.23359394073486,
    "mean_ms": 3412.561406666646,
    "std_ms": 54.038733589718305,
    "min_ms": 3304.514100003871,
    "max_ms": 3515.093900001375,
    "median_ms": 3400.2253499929793
  },
  "quant_2": {
    "mcc": -0.004094348593533731,
    "eval_loss": 0.6527128924023021,
    "model_size": 105.03479480743408,
    "mean_ms": 1428.305973332802,
    "std_ms": 10.379665702293101,
    "min_ms": 1405.8343999931822,
    "max_ms": 1446.0182000038913,
    "median_ms": 1429.5077499991748
  }
}