{
  "teacher": {
    "acc": 0.8529411764705882,
    "f1": 0.8976109215017065,
    "acc_and_f1": 0.8752760489861473,
    "eval_loss": 0.6919332146644592,
    "model_size": 417.84807300567627,
    "mean_ms": 2821.726226666821,
    "std_ms": 35.39441776932719,
    "min_ms": 2730.1861999985704,
    "max_ms": 2876.9317000005685,
    "median_ms": 2827.061350000804
  },
  "tinybert_uniform": {
    "acc": 0.6838235294117647,
    "f1": 0.7929373996789727,
    "acc_and_f1": 0.7383804645453687,
    "eval_loss": 1.0267338523497949,
    "model_size": 54.817710876464844,
    "mean_ms": 205.6712833328978,
    "std_ms": 1.3287947666815145,
    "min_ms": 202.3726000006718,
    "max_ms": 208.59339999879012,
    "median_ms": 205.53319999999076
  },
  "tinybert_top": {
    "acc": 0.6838235294117647,
    "f1": 0.7929373996789727,
    "acc_and_f1": 0.7383804645453687,
    "eval_loss": 1.0267338523497949,
    "model_size": 54.817710876464844,
    "mean_ms": 206.34902666618777,
    "std_ms": 1.8187417938713033,
    "min_ms": 203.58210000267718,
    "max_ms": 210.85719999973662,
    "median_ms": 205.82850000027975
  },
  "tinybert_bottom": {
    "acc": 0.6838235294117647,
    "f1": 0.7929373996789727,
    "acc_and_f1": 0.7383804645453687,
    "eval_loss": 1.0267338523497949,
    "model_size": 54.817710876464844,
    "mean_ms": 205.6692866667921,
    "std_ms": 2.93444273662609,
    "min_ms": 193.42329999926733,
    "max_ms": 210.20399999906658,
    "median_ms": 206.031299998358
  },
  "quant_1": {
    "acc": 0.6740196078431373,
    "f1": 0.7772194304857621,
    "acc_and_f1": 0.7256195191644497,
    "eval_loss": 0.6716481172121488,
    "model_size": 105.23360252380371,
    "mean_ms": 3452.035856666286,
    "std_ms": 31.5376674773829,
    "min_ms": 3382.7529000009235,
    "max_ms": 3542.8266000017175,
    "median_ms": 3449.713050000355
  },
  "quant_2": {
    "acc": 0.5171568627450981,
    "f1": 0.5852631578947368,
    "acc_and_f1": 0.5512100103199175,
    "eval_loss": 0.6937816601533157,
    "model_size": 105.03479385375977,
    "mean_ms": 1440.0805866669543,
    "std_ms": 16.23998341619137,
    "min_ms": 1407.5591000000713,
    "max_ms": 1494.219800002611,
    "median_ms": 1440.731449998566
  }
}