model,acc,f1,acc_and_f1,eval_loss,model_size,mean_ms,std_ms,min_ms,max_ms,median_ms,task
teacher,0.8529411764705882,0.8976109215017065,0.8752760489861473,0.6919332146644592,417.84807300567627,2821.726226666821,35.39441776932719,2730.1861999985704,2876.9317000005685,2827.061350000804,MRPC
tinybert_uniform,0.6838235294117647,0.7929373996789727,0.7383804645453687,1.0267338523497949,54.817710876464844,205.6712833328978,1.3287947666815145,202.3726000006718,208.59339999879012,205.53319999999076,MRPC
tinybert_top,0.6838235294117647,0.7929373996789727,0.7383804645453687,1.0267338523497949,54.817710876464844,206.34902666618777,1.8187417938713033,203.58210000267718,210.85719999973662,205.82850000027975,MRPC
tinybert_bottom,0.6838235294117647,0.7929373996789727,0.7383804645453687,1.0267338523497949,54.817710876464844,205.6692866667921,2.93444273662609,193.42329999926733,210.20399999906658,206.031299998358,MRPC
quant_1,0.6740196078431373,0.7772194304857621,0.7256195191644497,0.6716481172121488,105.23360252380371,3452.035856666286,31.5376674773829,3382.7529000009235,3542.8266000017175,3449.713050000355,MRPC
quant_2,0.5171568627450981,0.5852631578947368,0.5512100103199175,0.6937816601533157,105.03479385375977,1440.0805866669543,16.23998341619137,1407.5591000000713,1494.219800002611,1440.731449998566,MRPC
